session_id,vehicle_model,battery_capacity_kwh,rated_range_km,battery_age_months,battery_degradation_pct,charger_type,charger_power_kw,session_start,start_soc_pct,target_soc_pct,energy_added_kwh,charge_duration_hrs,ambient_temp_c,driving_style,estimated_range_km,actual_range_km
1,Tata Nexon EV,40.5,312,6,0.9,DC Fast Charger,50.0,2026-01-01T12:06,19.6,80.6,24.7,0.49,32.2,Aggressive,248.7,218.9
2,Tata Nexon EV,40.5,312,42,6.3,Level 1 (Home),2.3,2026-01-01T17:50,13.3,80.8,27.34,11.89,27.3,Aggressive,251.2,221.1
3,Tesla Model 3,57.5,513,45,6.75,Level 1 (Home),2.3,2026-01-02T00:26,25.7,82.0,32.37,14.07,37.2,Eco,408.0,436.6
4,Hyundai Kona Electric,39.2,452,23,3.45,Level 1 (Home),2.3,2026-01-02T04:49,17.5,94.1,30.03,13.06,8.8,Normal,418.0,418.0
5,Tata Nexon EV,40.5,312,41,6.15,DC Fast Charger,50.0,2026-01-02T10:39,26.1,78.1,21.06,0.42,39.1,Normal,244.6,244.6
6,Hyundai Kona Electric,39.2,452,15,2.25,DC Fast Charger,50.0,2026-01-02T16:36,16.7,76.7,23.52,0.47,29.5,Eco,341.1,365.0
7,Tesla Model 3,57.5,513,18,2.7,Level 2 (AC Public),7.4,2026-01-03T00:32,25.9,95.9,40.25,5.44,11.0,Aggressive,488.4,429.8
8,Tata Nexon EV,40.5,312,41,6.15,DC Fast Charger,50.0,2026-01-03T07:09,32.2,88.4,22.76,0.46,14.1,Normal,275.4,275.4
9,MG ZS EV,50.3,461,26,3.9,DC Fast Charger,50.0,2026-01-03T13:39,21.3,94.2,36.67,0.73,7.1,Normal,413.2,413.2
10,MG ZS EV,50.3,461,30,4.5,DC Fast Charger,50.0,2026-01-03T16:48,40.7,82.9,21.23,0.42,29.3,Aggressive,384.6,338.4
11,MG ZS EV,50.3,461,26,3.9,Level 1 (Home),2.3,2026-01-03T18:56,36.1,88.5,26.36,11.46,32.6,Aggressive,409.0,359.9
12,MG ZS EV,50.3,461,44,6.6,DC Fast Charger,50.0,2026-01-03T22:50,27.3,93.9,33.5,0.67,36.9,Eco,435.5,466.0
13,Tata Nexon EV,40.5,312,44,6.6,Level 2 (AC Public),7.4,2026-01-04T03:13,23.4,99.9,30.98,4.19,24.6,Eco,303.1,324.3
14,BYD Atto 3,60.5,521,47,7.05,Level 2 (AC Public),7.4,2026-01-04T09:59,36.9,83.5,28.19,3.81,15.9,Eco,444.1,475.2
15,Hyundai Kona Electric,39.2,452,33,4.95,DC Fast Charger,50.0,2026-01-04T17:59,36.7,87.7,19.99,0.4,8.9,Aggressive,384.1,338.0
16,MG ZS EV,50.3,461,39,5.85,Level 2 (AC Public),7.4,2026-01-04T23:51,36.7,88.5,26.06,3.52,33.8,Eco,405.1,433.5
17,Tata Nexon EV,40.5,312,16,2.4,Level 1 (Home),2.3,2026-01-05T03:27,42.5,97.0,22.07,9.6,35.8,Eco,302.7,323.9
18,Tata Nexon EV,40.5,312,9,1.35,Level 1 (Home),2.3,2026-01-05T11:28,35.6,95.4,24.22,10.53,41.2,Eco,289.1,309.3
19,BYD Atto 3,60.5,521,47,7.05,Level 1 (Home),2.3,2026-01-05T17:45,19.3,96.8,46.89,20.39,20.7,Aggressive,513.2,451.6
20,Hyundai Kona Electric,39.2,452,16,2.4,Level 2 (AC Public),7.4,2026-01-06T00:16,44.8,91.2,18.19,2.46,21.2,Eco,411.8,440.6
21,Hyundai Kona Electric,39.2,452,4,0.6,Level 1 (Home),2.3,2026-01-06T03:04,30.6,80.8,19.68,8.56,13.1,Aggressive,372.0,327.4
22,Tata Nexon EV,40.5,312,47,7.05,Level 2 (AC Public),7.4,2026-01-06T05:54,12.5,81.0,27.74,3.75,29.8,Eco,257.1,275.1
23,BYD Atto 3,60.5,521,43,6.45,DC Fast Charger,50.0,2026-01-06T14:23,26.5,94.6,41.2,0.82,34.9,Eco,497.8,532.6
24,Tesla Model 3,57.5,513,4,0.6,Level 2 (AC Public),7.4,2026-01-06T18:50,26.3,93.2,38.47,5.2,29.9,Eco,464.6,497.1
25,Hyundai Kona Electric,39.2,452,30,4.5,Level 1 (Home),2.3,2026-01-06T23:03,18.7,79.8,23.95,10.41,21.6,Normal,362.4,362.4
26,Tata Nexon EV,40.5,312,1,0.15,Level 2 (AC Public),7.4,2026-01-07T02:03,38.3,96.4,23.53,3.18,8.6,Aggressive,290.7,255.8
27,MG ZS EV,50.3,461,25,3.75,Level 1 (Home),2.3,2026-01-07T10:48,24.2,87.0,31.59,13.73,37.0,Eco,386.0,413.0
28,Tesla Model 3,57.5,513,36,5.4,Level 2 (AC Public),7.4,2026-01-07T11:49,42.4,94.6,30.01,4.06,15.6,Aggressive,479.6,422.0
29,Tesla Model 3,57.5,513,48,7.2,Level 1 (Home),2.3,2026-01-07T18:07,16.6,80.4,36.69,15.95,7.2,Eco,394.6,422.2
30,Tata Nexon EV,40.5,312,6,0.9,DC Fast Charger,50.0,2026-01-07T21:37,26.7,98.0,28.88,0.58,24.7,Aggressive,314.1,276.4
31,Tata Nexon EV,40.5,312,16,2.4,DC Fast Charger,50.0,2026-01-08T05:26,12.4,96.5,34.06,0.68,19.9,Aggressive,293.3,258.1
32,Tata Nexon EV,40.5,312,14,2.1,DC Fast Charger,50.0,2026-01-08T11:04,12.9,91.4,31.79,0.64,25.9,Normal,288.3,288.3
33,Hyundai Kona Electric,39.2,452,1,0.15,Level 1 (Home),2.3,2026-01-08T17:25,19.3,78.3,23.13,10.06,28.9,Eco,354.8,379.6
34,BYD Atto 3,60.5,521,16,2.4,Level 1 (Home),2.3,2026-01-08T22:05,12.6,80.3,40.96,17.81,14.8,Eco,407.4,435.9
35,MG ZS EV,50.3,461,34,5.1,Level 2 (AC Public),7.4,2026-01-09T02:03,39.2,92.6,26.86,3.63,27.6,Aggressive,414.8,365.0
36,BYD Atto 3,60.5,521,48,7.2,Level 2 (AC Public),7.4,2026-01-09T03:06,42.6,77.6,21.17,2.86,37.5,Eco,403.3,431.5
37,Hyundai Kona Electric,39.2,452,33,4.95,Level 2 (AC Public),7.4,2026-01-09T08:32,31.2,92.9,24.19,3.27,12.5,Normal,412.5,412.5
38,Tata Nexon EV,40.5,312,41,6.15,Level 1 (Home),2.3,2026-01-09T13:27,32.2,95.7,25.72,11.18,6.6,Eco,291.7,312.1
39,MG ZS EV,50.3,461,10,1.5,DC Fast Charger,50.0,2026-01-09T22:17,25.5,92.6,33.75,0.68,25.8,Aggressive,437.1,384.6
40,Hyundai Kona Electric,39.2,452,23,3.45,DC Fast Charger,50.0,2026-01-10T03:39,29.3,85.7,22.11,0.44,6.5,Eco,377.6,404.0
41,MG ZS EV,50.3,461,48,7.2,DC Fast Charger,50.0,2026-01-10T06:20,13.6,94.5,40.69,0.81,37.7,Aggressive,430.7,379.0
42,MG ZS EV,50.3,461,22,3.3,Level 1 (Home),2.3,2026-01-10T08:34,44.2,95.3,25.7,11.17,37.6,Aggressive,444.5,391.2
43,Tesla Model 3,57.5,513,25,3.75,DC Fast Charger,50.0,2026-01-10T15:49,40.2,95.3,31.68,0.63,14.9,Eco,480.4,514.0
44,Tesla Model 3,57.5,513,15,2.25,Level 1 (Home),2.3,2026-01-10T23:48,17.0,98.0,46.58,20.25,17.9,Eco,493.3,527.8
45,MG ZS EV,50.3,461,33,4.95,Level 2 (AC Public),7.4,2026-01-11T00:59,21.5,96.6,37.78,5.11,40.8,Aggressive,439.5,386.8
46,BYD Atto 3,60.5,521,3,0.45,Level 2 (AC Public),7.4,2026-01-11T05:11,42.9,77.9,21.18,2.86,40.9,Normal,402.9,402.9
47,Tesla Model 3,57.5,513,37,5.55,Level 2 (AC Public),7.4,2026-01-11T07:03,35.5,82.8,27.2,3.68,27.4,Normal,424.5,424.5
48,Tata Nexon EV,40.5,312,48,7.2,DC Fast Charger,50.0,2026-01-11T09:34,25.3,88.0,25.39,0.51,34.8,Aggressive,269.3,237.0
49,Hyundai Kona Electric,39.2,452,47,7.05,Level 2 (AC Public),7.4,2026-01-11T15:56,12.4,91.6,31.05,4.2,17.2,Eco,418.7,448.0
50,BYD Atto 3,60.5,521,27,4.05,Level 2 (AC Public),7.4,2026-01-12T00:08,33.3,83.2,30.19,4.08,30.8,Eco,432.1,462.3
51,Tesla Model 3,57.5,513,20,3.0,DC Fast Charger,50.0,2026-01-12T06:27,36.2,79.4,24.84,0.5,26.1,Eco,409.6,438.3
52,Tesla Model 3,57.5,513,31,4.65,DC Fast Charger,50.0,2026-01-12T09:45,31.2,83.1,29.84,0.6,21.3,Aggressive,421.9,371.3
53,MG ZS EV,50.3,461,44,6.6,DC Fast Charger,50.0,2026-01-12T17:06,13.0,87.9,37.67,0.75,28.4,Eco,409.3,438.0
54,MG ZS EV,50.3,461,30,4.5,Level 1 (Home),2.3,2026-01-12T20:35,10.9,81.1,35.31,15.35,22.6,Eco,366.2,391.8
55,BYD Atto 3,60.5,521,1,0.15,Level 1 (Home),2.3,2026-01-13T00:54,35.1,84.6,29.95,13.02,19.8,Aggressive,450.3,396.3
56,Tata Nexon EV,40.5,312,16,2.4,Level 2 (AC Public),7.4,2026-01-13T09:03,17.7,95.1,31.35,4.24,30.7,Aggressive,297.3,261.6
57,Tata Nexon EV,40.5,312,29,4.35,Level 2 (AC Public),7.4,2026-01-13T17:23,14.7,86.6,29.12,3.94,24.7,Normal,269.2,269.2
58,BYD Atto 3,60.5,521,29,4.35,Level 2 (AC Public),7.4,2026-01-13T23:17,39.1,88.7,30.01,4.06,38.2,Normal,447.3,447.3
59,MG ZS EV,50.3,461,5,0.75,DC Fast Charger,50.0,2026-01-14T02:21,19.7,94.4,37.57,0.75,22.9,Normal,442.1,442.1
60,MG ZS EV,50.3,461,45,6.75,Level 2 (AC Public),7.4,2026-01-14T09:04,21.8,97.3,37.98,5.13,8.0,Normal,445.4,445.4
61,MG ZS EV,50.3,461,25,3.75,Level 1 (Home),2.3,2026-01-14T11:17,24.5,83.3,29.58,12.86,22.2,Normal,394.4,394.4
62,BYD Atto 3,60.5,521,20,3.0,DC Fast Charger,50.0,2026-01-14T19:32,10.7,97.0,52.21,1.04,26.3,Normal,506.1,506.1
63,Tesla Model 3,57.5,513,18,2.7,DC Fast Charger,50.0,2026-01-15T02:33,36.2,88.7,30.19,0.6,27.3,Eco,462.8,495.2
64,Tata Nexon EV,40.5,312,9,1.35,Level 2 (AC Public),7.4,2026-01-15T07:03,21.8,92.0,28.43,3.84,20.0,Normal,292.9,292.9
65,BYD Atto 3,60.5,521,9,1.35,Level 1 (Home),2.3,2026-01-15T15:53,41.7,89.8,29.1,12.65,29.5,Normal,479.8,479.8
66,MG ZS EV,50.3,461,18,2.7,Level 1 (Home),2.3,2026-01-15T23:49,19.1,83.2,32.24,14.02,21.8,Normal,387.3,387.3
67,Tesla Model 3,57.5,513,15,2.25,Level 2 (AC Public),7.4,2026-01-16T06:50,39.2,86.8,27.37,3.7,32.7,Normal,456.6,456.6
68,Tata Nexon EV,40.5,312,31,4.65,Level 1 (Home),2.3,2026-01-16T13:02,43.2,80.0,14.9,6.48,5.8,Eco,245.7,262.9
69,BYD Atto 3,60.5,521,46,6.9,Level 1 (Home),2.3,2026-01-16T19:24,26.3,81.4,33.34,14.5,18.6,Aggressive,421.4,370.8
70,MG ZS EV,50.3,461,26,3.9,Level 2 (AC Public),7.4,2026-01-16T21:19,13.8,75.6,31.09,4.2,16.5,Normal,344.8,344.8
71,MG ZS EV,50.3,461,44,6.6,Level 1 (Home),2.3,2026-01-17T05:51,30.7,95.8,32.75,14.24,14.0,Normal,434.8,434.8
72,Tata Nexon EV,40.5,312,42,6.3,DC Fast Charger,50.0,2026-01-17T11:39,37.4,83.7,18.75,0.38,20.8,Aggressive,263.2,231.6
73,Tesla Model 3,57.5,513,10,1.5,Level 2 (AC Public),7.4,2026-01-17T15:23,13.7,99.0,49.05,6.63,28.5,Aggressive,498.0,438.2
74,BYD Atto 3,60.5,521,47,7.05,DC Fast Charger,50.0,2026-01-17T19:52,19.5,95.2,45.8,0.92,24.9,Normal,496.5,496.5
75,Hyundai Kona Electric,39.2,452,37,5.55,Level 1 (Home),2.3,2026-01-18T01:36,39.1,77.2,14.94,6.5,37.6,Normal,348.4,348.4
76,Tesla Model 3,57.5,513,22,3.3,Level 2 (AC Public),7.4,2026-01-18T07:29,11.0,96.3,49.05,6.63,11.7,Normal,496.0,496.0
77,BYD Atto 3,60.5,521,47,7.05,DC Fast Charger,50.0,2026-01-18T10:43,40.8,88.9,29.1,0.58,24.1,Eco,471.9,504.9
78,BYD Atto 3,60.5,521,19,2.85,Level 1 (Home),2.3,2026-01-18T14:58,34.2,91.1,34.42,14.97,23.2,Eco,466.4,499.0
79,MG ZS EV,50.3,461,36,5.4,Level 2 (AC Public),7.4,2026-01-18T17:45,33.2,84.2,25.65,3.47,25.5,Aggressive,391.8,344.8
80,Tesla Model 3,57.5,513,35,5.25,Level 2 (AC Public),7.4,2026-01-18T21:23,20.7,80.8,34.56,4.67,31.7,Aggressive,419.1,368.8
81,MG ZS EV,50.3,461,39,5.85,Level 1 (Home),2.3,2026-01-19T06:00,17.6,87.1,34.96,15.2,31.8,Aggressive,390.4,343.6
82,Tata Nexon EV,40.5,312,18,2.7,Level 1 (Home),2.3,2026-01-19T09:16,20.4,84.0,25.76,11.2,16.2,Eco,258.8,276.9
83,Tata Nexon EV,40.5,312,1,0.15,DC Fast Charger,50.0,2026-01-19T10:38,20.2,98.6,31.75,0.64,28.6,Eco,303.0,324.2
84,Tesla Model 3,57.5,513,8,1.2,Level 2 (AC Public),7.4,2026-01-19T16:13,25.4,79.6,31.16,4.21,6.9,Normal,385.6,385.6
85,Tesla Model 3,57.5,513,20,3.0,Level 2 (AC Public),7.4,2026-01-19T23:48,12.6,90.7,44.91,6.07,7.0,Aggressive,460.3,405.1
86,MG ZS EV,50.3,461,25,3.75,Level 1 (Home),2.3,2026-01-20T01:29,29.5,85.4,28.12,12.23,27.1,Aggressive,390.9,344.0
87,Tesla Model 3,57.5,513,48,7.2,Level 2 (AC Public),7.4,2026-01-20T06:05,40.1,99.8,34.33,4.64,16.3,Aggressive,508.3,447.3
88,MG ZS EV,50.3,461,11,1.65,DC Fast Charger,50.0,2026-01-20T07:52,17.4,91.5,37.27,0.75,10.8,Eco,423.0,452.6
89,Tesla Model 3,57.5,513,30,4.5,DC Fast Charger,50.0,2026-01-20T08:54,30.8,82.3,29.61,0.59,13.6,Aggressive,414.7,364.9
90,MG ZS EV,50.3,461,8,1.2,Level 2 (AC Public),7.4,2026-01-20T10:28,37.6,90.6,26.66,3.6,29.5,Normal,407.1,407.1
91,MG ZS EV,50.3,461,37,5.55,Level 2 (AC Public),7.4,2026-01-20T15:49,38.9,76.8,19.06,2.58,11.1,Aggressive,352.6,310.3
92,Tesla Model 3,57.5,513,32,4.8,Level 1 (Home),2.3,2026-01-21T00:12,26.4,82.6,32.31,14.05,19.9,Aggressive,429.6,378.0
93,BYD Atto 3,60.5,521,44,6.6,Level 1 (Home),2.3,2026-01-21T04:42,41.1,93.4,31.64,13.76,27.3,Eco,500.9,536.0
94,BYD Atto 3,60.5,521,12,1.8,DC Fast Charger,50.0,2026-01-21T12:23,43.3,100.0,34.3,0.69,29.9,Eco,528.3,565.3
95,Tesla Model 3,57.5,513,31,4.65,Level 2 (AC Public),7.4,2026-01-21T17:09,16.4,89.6,42.09,5.69,28.5,Eco,459.9,492.1
96,Hyundai Kona Electric,39.2,452,43,6.45,Level 2 (AC Public),7.4,2026-01-21T20:56,33.5,96.4,24.66,3.33,17.2,Normal,430.7,430.7
97,BYD Atto 3,60.5,521,33,4.95,Level 1 (Home),2.3,2026-01-22T05:29,25.9,82.9,34.49,15.0,17.0,Normal,420.1,420.1
98,Tata Nexon EV,40.5,312,32,4.8,DC Fast Charger,50.0,2026-01-22T13:05,40.4,86.5,18.67,0.37,7.0,Aggressive,261.2,229.9
99,Tata Nexon EV,40.5,312,8,1.2,Level 1 (Home),2.3,2026-01-22T19:06,19.3,78.3,23.89,10.39,15.7,Normal,238.8,238.8
100,BYD Atto 3,60.5,521,8,1.2,Level 1 (Home),2.3,2026-01-22T20:19,34.8,82.8,29.04,12.63,5.5,Eco,417.8,447.0
101,Tata Nexon EV,40.5,312,27,4.05,DC Fast Charger,50.0,2026-01-23T01:01,39.1,87.5,19.6,0.39,31.5,Normal,272.9,272.9
102,Tesla Model 3,57.5,513,9,1.35,Level 1 (Home),2.3,2026-01-23T08:42,26.0,78.6,30.24,13.15,12.1,Aggressive,396.3,348.7
103,Hyundai Kona Electric,39.2,452,20,3.0,Level 2 (AC Public),7.4,2026-01-23T16:36,21.9,94.7,28.54,3.86,14.9,Aggressive,441.0,388.1
104,BYD Atto 3,60.5,521,35,5.25,DC Fast Charger,50.0,2026-01-24T00:18,27.1,78.7,31.22,0.62,24.9,Aggressive,413.9,364.2
105,Hyundai Kona Electric,39.2,452,3,0.45,Level 1 (Home),2.3,2026-01-24T04:19,44.3,81.0,14.39,6.26,19.2,Normal,358.5,358.5
106,Tesla Model 3,57.5,513,10,1.5,DC Fast Charger,50.0,2026-01-24T07:52,42.0,84.5,24.44,0.49,41.6,Aggressive,414.3,364.6
107,Tata Nexon EV,40.5,312,7,1.05,Level 1 (Home),2.3,2026-01-24T12:50,27.6,89.8,25.19,10.95,37.2,Normal,269.9,269.9
108,Tesla Model 3,57.5,513,17,2.55,Level 1 (Home),2.3,2026-01-24T18:02,35.3,85.2,28.69,12.47,29.2,Normal,446.3,446.3
109,Tesla Model 3,57.5,513,41,6.15,DC Fast Charger,50.0,2026-01-24T21:45,12.8,83.2,40.48,0.81,30.0,Normal,426.0,426.0
110,Tesla Model 3,57.5,513,48,7.2,DC Fast Charger,50.0,2026-01-25T04:30,11.3,76.7,37.61,0.75,28.4,Eco,383.8,410.7
111,Tata Nexon EV,40.5,312,3,0.45,DC Fast Charger,50.0,2026-01-25T06:13,34.6,77.5,17.37,0.35,11.2,Eco,241.0,257.9
112,Tata Nexon EV,40.5,312,12,1.8,Level 2 (AC Public),7.4,2026-01-25T09:49,22.5,85.8,25.64,3.46,14.0,Aggressive,268.0,235.8
113,Tata Nexon EV,40.5,312,15,2.25,DC Fast Charger,50.0,2026-01-25T12:11,40.5,90.5,20.25,0.41,13.9,Eco,274.4,293.6
114,Hyundai Kona Electric,39.2,452,35,5.25,Level 2 (AC Public),7.4,2026-01-25T16:52,18.9,75.2,22.07,2.98,34.8,Aggressive,329.2,289.7
115,Tesla Model 3,57.5,513,20,3.0,Level 2 (AC Public),7.4,2026-01-25T19:08,44.6,82.5,21.79,2.94,40.6,Normal,408.0,408.0
116,Tesla Model 3,57.5,513,19,2.85,Level 2 (AC Public),7.4,2026-01-25T21:43,13.7,84.5,40.71,5.5,18.3,Aggressive,438.9,386.2
117,Tesla Model 3,57.5,513,48,7.2,Level 2 (AC Public),7.4,2026-01-25T22:54,10.3,96.6,49.62,6.71,33.8,Aggressive,479.3,421.8
118,Hyundai Kona Electric,39.2,452,47,7.05,Level 1 (Home),2.3,2026-01-26T03:52,31.2,83.8,20.62,8.97,28.6,Aggressive,376.0,330.9
119,MG ZS EV,50.3,461,38,5.7,DC Fast Charger,50.0,2026-01-26T11:01,13.4,90.7,38.88,0.78,6.5,Eco,397.7,425.5
120,MG ZS EV,50.3,461,24,3.6,Level 1 (Home),2.3,2026-01-26T14:56,41.8,83.2,20.82,9.05,20.4,Aggressive,390.6,343.7
121,Hyundai Kona Electric,39.2,452,22,3.3,Level 1 (Home),2.3,2026-01-26T20:11,19.0,95.6,30.03,13.06,22.8,Aggressive,424.3,373.4
122,Tesla Model 3,57.5,513,36,5.4,Level 1 (Home),2.3,2026-01-27T03:37,14.9,99.2,48.47,21.07,36.8,Normal,495.1,495.1
123,Tesla Model 3,57.5,513,38,5.7,Level 1 (Home),2.3,2026-01-27T07:32,19.3,78.1,33.81,14.7,18.6,Normal,394.8,394.8
124,Hyundai Kona Electric,39.2,452,40,6.0,Level 1 (Home),2.3,2026-01-27T11:35,33.6,86.8,20.85,9.07,27.9,Normal,382.2,382.2
125,Tata Nexon EV,40.5,312,3,0.45,DC Fast Charger,50.0,2026-01-27T14:21,38.8,97.7,23.85,0.48,16.2,Eco,306.5,328.0
126,Hyundai Kona Electric,39.2,452,43,6.45,Level 2 (AC Public),7.4,2026-01-27T22:56,14.1,80.9,26.19,3.54,24.9,Normal,368.1,368.1
127,BYD Atto 3,60.5,521,40,6.0,Level 2 (AC Public),7.4,2026-01-28T07:31,30.6,93.2,37.87,5.12,37.8,Normal,472.9,472.9
128,Hyundai Kona Electric,39.2,452,7,1.05,Level 1 (Home),2.3,2026-01-28T11:47,34.2,80.4,18.11,7.87,21.5,Normal,369.3,369.3
129,Hyundai Kona Electric,39.2,452,30,4.5,DC Fast Charger,50.0,2026-01-28T20:38,41.6,91.1,19.4,0.39,7.2,Eco,404.6,432.9
130,MG ZS EV,50.3,461,37,5.55,DC Fast Charger,50.0,2026-01-28T22:22,32.4,99.3,33.65,0.67,6.9,Eco,447.7,479.0
131,BYD Atto 3,60.5,521,1,0.15,Level 1 (Home),2.3,2026-01-29T01:01,30.5,95.3,39.2,17.04,13.6,Aggressive,485.8,427.5
132,MG ZS EV,50.3,461,1,0.15,Level 1 (Home),2.3,2026-01-29T04:14,28.9,95.0,33.25,14.46,9.1,Eco,418.9,448.2
133,MG ZS EV,50.3,461,8,1.2,DC Fast Charger,50.0,2026-01-29T08:06,21.3,79.4,29.22,0.58,6.9,Aggressive,349.6,307.6
134,Tesla Model 3,57.5,513,3,0.45,Level 2 (AC Public),7.4,2026-01-29T15:03,37.2,87.8,29.09,3.93,9.0,Aggressive,439.8,387.0
135,BYD Atto 3,60.5,521,28,4.2,Level 2 (AC Public),7.4,2026-01-29T21:53,26.0,99.1,44.23,5.98,7.3,Normal,501.5,501.5
136,Tesla Model 3,57.5,513,9,1.35,DC Fast Charger,50.0,2026-01-30T04:22,41.8,76.8,20.12,0.4,8.0,Eco,380.8,407.5
137,BYD Atto 3,60.5,521,39,5.85,DC Fast Charger,50.0,2026-01-30T07:34,34.9,84.5,30.01,0.6,27.1,Aggressive,445.7,392.2
138,Tata Nexon EV,40.5,312,15,2.25,DC Fast Charger,50.0,2026-01-30T12:00,32.8,94.2,24.87,0.5,31.7,Normal,299.0,299.0
139,Tesla Model 3,57.5,513,10,1.5,Level 2 (AC Public),7.4,2026-01-30T16:19,24.6,77.4,30.36,4.1,20.8,Normal,393.2,393.2
140,Tesla Model 3,57.5,513,9,1.35,Level 1 (Home),2.3,2026-01-30T22:49,13.2,77.1,36.74,15.97,21.0,Normal,389.8,389.8
141,BYD Atto 3,60.5,521,47,7.05,DC Fast Charger,50.0,2026-01-31T04:16,29.7,91.8,37.57,0.75,20.2,Normal,467.8,467.8
142,Hyundai Kona Electric,39.2,452,15,2.25,DC Fast Charger,50.0,2026-01-31T05:40,20.9,77.6,22.23,0.44,23.8,Normal,358.2,358.2
143,Hyundai Kona Electric,39.2,452,40,6.0,DC Fast Charger,50.0,2026-01-31T13:27,22.9,94.1,27.91,0.56,26.2,Aggressive,417.6,367.5
144,BYD Atto 3,60.5,521,45,6.75,Level 1 (Home),2.3,2026-01-31T19:22,31.3,91.4,36.36,15.81,30.7,Normal,490.0,490.0
145,Hyundai Kona Electric,39.2,452,48,7.2,Level 2 (AC Public),7.4,2026-02-01T02:28,10.2,96.7,33.91,4.58,26.0,Eco,439.7,470.5
146,Tata Nexon EV,40.5,312,20,3.0,Level 1 (Home),2.3,2026-02-01T08:32,36.1,80.4,17.94,7.8,20.5,Normal,253.3,253.3
147,BYD Atto 3,60.5,521,6,0.9,DC Fast Charger,50.0,2026-02-01T15:18,13.0,76.3,38.3,0.77,10.8,Aggressive,388.3,341.7
148,Tesla Model 3,57.5,513,28,4.2,Level 2 (AC Public),7.4,2026-02-01T18:28,31.2,85.4,31.17,4.21,13.0,Normal,434.3,434.3
149,BYD Atto 3,60.5,521,1,0.15,Level 2 (AC Public),7.4,2026-02-01T20:22,28.4,82.7,32.85,4.44,13.2,Eco,415.8,444.9
150,MG ZS EV,50.3,461,12,1.8,Level 1 (Home),2.3,2026-02-01T23:00,36.7,82.2,22.89,9.95,9.4,Normal,370.7,370.7
151,BYD Atto 3,60.5,521,48,7.2,DC Fast Charger,50.0,2026-02-02T01:02,18.1,89.0,42.89,0.86,29.7,Normal,467.8,467.8
152,Tata Nexon EV,40.5,312,41,6.15,Level 2 (AC Public),7.4,2026-02-02T02:22,42.2,96.6,22.03,2.98,26.3,Aggressive,300.1,264.1
153,Tata Nexon EV,40.5,312,24,3.6,Level 2 (AC Public),7.4,2026-02-02T06:43,10.7,83.1,29.32,3.96,34.6,Aggressive,255.5,224.8
154,Tata Nexon EV,40.5,312,22,3.3,Level 1 (Home),2.3,2026-02-02T08:25,25.2,85.0,24.22,10.53,7.9,Aggressive,252.4,222.1
155,MG ZS EV,50.3,461,23,3.45,Level 1 (Home),2.3,2026-02-02T11:11,27.9,77.9,25.15,10.93,23.9,Normal,350.6,350.6
156,MG ZS EV,50.3,461,5,0.75,Level 1 (Home),2.3,2026-02-02T18:00,13.6,81.4,34.1,14.83,11.4,Aggressive,377.7,332.4
157,Tesla Model 3,57.5,513,42,6.3,Level 2 (AC Public),7.4,2026-02-02T20:25,36.4,94.0,33.12,4.48,21.6,Aggressive,470.3,413.9
158,BYD Atto 3,60.5,521,41,6.15,Level 2 (AC Public),7.4,2026-02-03T02:30,40.2,90.7,30.55,4.13,10.6,Normal,476.5,476.5
159,Hyundai Kona Electric,39.2,452,24,3.6,DC Fast Charger,50.0,2026-02-03T05:56,12.0,87.7,29.67,0.59,16.5,Eco,397.6,425.4
160,Tata Nexon EV,40.5,312,38,5.7,DC Fast Charger,50.0,2026-02-03T13:35,40.2,96.4,22.76,0.46,27.8,Normal,300.6,300.6
161,Tata Nexon EV,40.5,312,10,1.5,Level 2 (AC Public),7.4,2026-02-03T19:01,41.8,89.3,19.24,2.6,12.0,Aggressive,273.6,240.8
162,Tesla Model 3,57.5,513,12,1.8,Level 1 (Home),2.3,2026-02-04T03:41,38.4,95.9,33.06,14.37,41.3,Aggressive,490.5,431.6
163,Tesla Model 3,57.5,513,27,4.05,Level 2 (AC Public),7.4,2026-02-04T05:00,28.3,90.2,35.59,4.81,18.5,Normal,451.4,451.4
164,BYD Atto 3,60.5,521,25,3.75,Level 1 (Home),2.3,2026-02-04T12:11,37.6,91.2,32.43,14.1,7.4,Aggressive,472.3,415.6
165,BYD Atto 3,60.5,521,45,6.75,Level 1 (Home),2.3,2026-02-04T15:28,21.7,89.6,41.08,17.86,10.2,Aggressive,462.1,406.6
166,MG ZS EV,50.3,461,9,1.35,DC Fast Charger,50.0,2026-02-04T21:46,34.8,77.1,21.28,0.43,25.7,Normal,352.4,352.4
167,BYD Atto 3,60.5,521,14,2.1,Level 1 (Home),2.3,2026-02-05T04:07,32.6,85.6,32.06,13.94,18.4,Eco,449.7,481.2
168,Tesla Model 3,57.5,513,33,4.95,Level 1 (Home),2.3,2026-02-05T07:51,17.9,78.4,34.79,15.13,7.9,Eco,383.4,410.2
169,BYD Atto 3,60.5,521,11,1.65,Level 1 (Home),2.3,2026-02-05T15:01,33.2,96.9,38.54,16.76,27.9,Eco,501.9,537.0
170,BYD Atto 3,60.5,521,40,6.0,Level 1 (Home),2.3,2026-02-05T17:28,35.2,76.1,24.74,10.76,18.5,Normal,391.3,391.3
171,Tesla Model 3,57.5,513,24,3.6,Level 1 (Home),2.3,2026-02-05T20:45,28.7,82.7,31.05,13.5,34.9,Eco,421.4,450.9
172,BYD Atto 3,60.5,521,13,1.95,Level 2 (AC Public),7.4,2026-02-06T03:10,26.2,82.0,33.76,4.56,19.1,Eco,426.5,456.4
173,MG ZS EV,50.3,461,34,5.1,Level 2 (AC Public),7.4,2026-02-06T10:35,11.8,87.0,37.83,5.11,18.7,Aggressive,390.9,344.0
174,Hyundai Kona Electric,39.2,452,6,0.9,Level 1 (Home),2.3,2026-02-06T18:24,36.7,81.8,17.68,7.69,38.5,Normal,370.4,370.4
175,MG ZS EV,50.3,461,16,2.4,Level 2 (AC Public),7.4,2026-02-07T02:58,41.0,98.3,28.82,3.89,20.4,Normal,456.0,456.0
176,Tata Nexon EV,40.5,312,10,1.5,Level 2 (AC Public),7.4,2026-02-07T07:03,17.9,83.0,26.37,3.56,8.7,Normal,249.5,249.5
177,Hyundai Kona Electric,39.2,452,6,0.9,Level 2 (AC Public),7.4,2026-02-07T09:09,34.4,78.5,17.29,2.34,31.1,Eco,355.9,380.8
178,MG ZS EV,50.3,461,16,2.4,Level 1 (Home),2.3,2026-02-07T10:18,29.2,93.2,32.19,14.0,24.5,Normal,439.9,439.9
179,Tata Nexon EV,40.5,312,39,5.85,Level 1 (Home),2.3,2026-02-07T13:43,24.7,94.8,28.39,12.34,21.9,Normal,302.8,302.8
180,BYD Atto 3,60.5,521,37,5.55,DC Fast Charger,50.0,2026-02-07T19:00,18.5,78.6,36.36,0.73,20.9,Eco,406.7,435.2
181,Tata Nexon EV,40.5,312,36,5.4,DC Fast Charger,50.0,2026-02-07T23:20,44.1,76.7,13.2,0.26,24.5,Aggressive,239.2,210.5
182,Tesla Model 3,57.5,513,23,3.45,Level 1 (Home),2.3,2026-02-08T00:30,32.2,99.5,38.7,16.83,14.4,Eco,524.4,561.1
183,Tata Nexon EV,40.5,312,12,1.8,DC Fast Charger,50.0,2026-02-08T03:26,35.7,83.3,19.28,0.39,6.6,Aggressive,250.8,220.7
184,Tesla Model 3,57.5,513,3,0.45,DC Fast Charger,50.0,2026-02-08T11:04,26.7,79.6,30.42,0.61,10.0,Normal,395.3,395.3
185,Tata Nexon EV,40.5,312,31,4.65,Level 1 (Home),2.3,2026-02-08T14:25,41.0,82.9,16.97,7.38,16.5,Aggressive,260.2,229.0
186,MG ZS EV,50.3,461,24,3.6,Level 2 (AC Public),7.4,2026-02-08T17:27,22.5,94.5,36.22,4.89,37.0,Eco,433.5,463.8
187,Tesla Model 3,57.5,513,32,4.8,DC Fast Charger,50.0,2026-02-08T21:56,25.4,98.9,42.26,0.85,17.5,Aggressive,517.1,455.0
188,BYD Atto 3,60.5,521,35,5.25,Level 2 (AC Public),7.4,2026-02-09T01:53,38.0,93.2,33.4,4.51,7.9,Eco,469.4,502.3
189,Tata Nexon EV,40.5,312,45,6.75,Level 1 (Home),2.3,2026-02-09T05:14,21.5,82.4,24.66,10.72,21.5,Eco,253.8,271.6
190,Tesla Model 3,57.5,513,4,0.6,Level 1 (Home),2.3,2026-02-09T09:47,35.4,97.8,35.88,15.6,27.7,Aggressive,503.7,443.3
191,Tesla Model 3,57.5,513,44,6.6,Level 2 (AC Public),7.4,2026-02-09T11:23,28.0,93.7,37.78,5.11,10.9,Aggressive,486.4,428.0
192,Tata Nexon EV,40.5,312,3,0.45,Level 1 (Home),2.3,2026-02-09T18:38,12.4,94.5,33.25,14.46,18.6,Aggressive,296.9,261.3
193,Tesla Model 3,57.5,513,21,3.15,Level 2 (AC Public),7.4,2026-02-10T00:28,23.0,94.1,40.88,5.52,26.2,Normal,481.9,481.9
194,MG ZS EV,50.3,461,17,2.55,Level 1 (Home),2.3,2026-02-10T06:40,10.9,79.7,34.61,15.05,24.2,Eco,358.5,383.6
195,Tesla Model 3,57.5,513,9,1.35,Level 1 (Home),2.3,2026-02-10T13:52,44.9,82.1,21.39,9.3,38.9,Eco,412.8,441.7
196,Tesla Model 3,57.5,513,43,6.45,Level 1 (Home),2.3,2026-02-10T21:41,41.5,86.1,25.64,11.15,8.2,Normal,425.5,425.5
197,Tata Nexon EV,40.5,312,41,6.15,DC Fast Charger,50.0,2026-02-11T01:28,29.0,97.3,27.66,0.55,36.5,Aggressive,295.8,260.3
198,Hyundai Kona Electric,39.2,452,2,0.3,DC Fast Charger,50.0,2026-02-11T03:52,17.8,99.6,32.07,0.64,34.3,Normal,454.2,454.2
199,BYD Atto 3,60.5,521,20,3.0,Level 2 (AC Public),7.4,2026-02-11T07:45,26.4,99.6,44.29,5.99,9.8,Eco,497.1,531.9
200,Tesla Model 3,57.5,513,42,6.3,DC Fast Charger,50.0,2026-02-11T11:56,24.4,85.2,34.96,0.7,26.3,Normal,447.1,447.1
201,Tesla Model 3,57.5,513,12,1.8,DC Fast Charger,50.0,2026-02-11T13:32,28.1,78.2,28.81,0.58,35.7,Aggressive,395.6,348.1
202,MG ZS EV,50.3,461,11,1.65,Level 2 (AC Public),7.4,2026-02-11T20:40,27.6,96.7,34.76,4.7,35.8,Normal,440.3,440.3
203,MG ZS EV,50.3,461,41,6.15,Level 2 (AC Public),7.4,2026-02-11T22:58,43.2,88.0,22.53,3.04,15.5,Eco,416.2,445.3
204,Hyundai Kona Electric,39.2,452,38,5.7,Level 1 (Home),2.3,2026-02-12T07:37,31.9,90.4,22.93,9.97,8.5,Aggressive,395.0,347.6
205,BYD Atto 3,60.5,521,6,0.9,DC Fast Charger,50.0,2026-02-12T09:51,41.6,83.4,25.29,0.51,39.2,Eco,437.1,467.7
206,BYD Atto 3,60.5,521,41,6.15,Level 2 (AC Public),7.4,2026-02-12T11:13,32.8,94.2,37.15,5.02,20.4,Normal,486.7,486.7
207,Hyundai Kona Electric,39.2,452,4,0.6,Level 2 (AC Public),7.4,2026-02-12T16:35,18.6,95.2,30.03,4.06,20.0,Aggressive,431.5,379.7
208,Tesla Model 3,57.5,513,47,7.05,Level 2 (AC Public),7.4,2026-02-12T18:51,26.3,83.5,32.89,4.44,10.3,Normal,411.7,411.7
209,Hyundai Kona Electric,39.2,452,8,1.2,Level 2 (AC Public),7.4,2026-02-13T03:45,14.6,84.3,27.32,3.69,25.8,Normal,385.2,385.2
210,MG ZS EV,50.3,461,11,1.65,Level 1 (Home),2.3,2026-02-13T06:53,13.4,82.3,34.66,15.07,19.2,Eco,376.8,403.2
211,BYD Atto 3,60.5,521,20,3.0,DC Fast Charger,50.0,2026-02-13T14:24,20.9,94.1,44.29,0.89,23.4,Normal,489.8,489.8
212,Tata Nexon EV,40.5,312,19,2.85,Level 2 (AC Public),7.4,2026-02-13T19:23,27.7,99.2,28.96,3.91,13.0,Eco,309.8,331.5
213,Tesla Model 3,57.5,513,24,3.6,Level 2 (AC Public),7.4,2026-02-14T00:20,28.8,96.2,38.76,5.24,20.9,Aggressive,482.4,424.5
214,Hyundai Kona Electric,39.2,452,25,3.75,Level 1 (Home),2.3,2026-02-14T07:27,24.0,89.3,25.6,11.13,12.2,Eco,397.9,425.8
215,BYD Atto 3,60.5,521,26,3.9,Level 2 (AC Public),7.4,2026-02-14T12:29,38.9,90.6,31.28,4.23,27.6,Eco,482.8,516.6
216,Hyundai Kona Electric,39.2,452,3,0.45,DC Fast Charger,50.0,2026-02-14T16:28,42.9,93.9,19.99,0.4,12.4,Aggressive,419.8,369.4
217,MG ZS EV,50.3,461,9,1.35,DC Fast Charger,50.0,2026-02-14T17:50,21.7,86.8,32.75,0.66,21.9,Aggressive,397.6,349.9
218,BYD Atto 3,60.5,521,33,4.95,Level 2 (AC Public),7.4,2026-02-14T21:27,15.7,99.8,50.88,6.88,32.4,Normal,525.7,525.7
219,BYD Atto 3,60.5,521,8,1.2,Level 2 (AC Public),7.4,2026-02-15T05:05,34.8,82.5,28.86,3.9,35.2,Aggressive,429.1,377.6
220,BYD Atto 3,60.5,521,17,2.55,Level 2 (AC Public),7.4,2026-02-15T13:55,37.9,93.1,33.4,4.51,30.5,Normal,499.2,499.2
221,BYD Atto 3,60.5,521,40,6.0,DC Fast Charger,50.0,2026-02-15T22:39,18.0,76.3,35.27,0.71,22.8,Aggressive,396.9,349.3
222,Tesla Model 3,57.5,513,2,0.3,Level 1 (Home),2.3,2026-02-16T05:51,38.8,81.1,24.32,10.57,26.2,Eco,411.1,439.9
223,Tesla Model 3,57.5,513,48,7.2,Level 1 (Home),2.3,2026-02-16T10:23,24.5,80.1,31.97,13.9,23.6,Normal,408.2,408.2
224,MG ZS EV,50.3,461,12,1.8,DC Fast Charger,50.0,2026-02-16T17:12,17.3,83.1,33.1,0.66,29.5,Normal,382.5,382.5
225,BYD Atto 3,60.5,521,17,2.55,Level 2 (AC Public),7.4,2026-02-16T21:52,29.1,91.9,37.99,5.13,37.1,Aggressive,466.6,410.6
226,MG ZS EV,50.3,461,46,6.9,Level 1 (Home),2.3,2026-02-17T03:45,19.8,82.5,31.54,13.71,39.8,Normal,361.4,361.4
227,Tesla Model 3,57.5,513,8,1.2,Level 2 (AC Public),7.4,2026-02-17T06:25,26.8,89.0,35.77,4.83,39.6,Normal,440.7,440.7
228,BYD Atto 3,60.5,521,19,2.85,Level 2 (AC Public),7.4,2026-02-17T12:00,41.4,84.9,26.32,3.56,17.8,Eco,435.2,465.7
229,Tata Nexon EV,40.5,312,18,2.7,Level 2 (AC Public),7.4,2026-02-17T13:20,42.3,91.4,19.89,2.69,32.7,Aggressive,289.5,254.8
230,Hyundai Kona Electric,39.2,452,15,2.25,Level 1 (Home),2.3,2026-02-17T21:48,13.8,93.5,31.24,13.58,13.9,Aggressive,432.4,380.5
231,Tata Nexon EV,40.5,312,36,5.4,Level 1 (Home),2.3,2026-02-18T03:54,24.5,92.9,27.7,12.04,8.7,Eco,278.3,297.8
232,MG ZS EV,50.3,461,21,3.15,Level 2 (AC Public),7.4,2026-02-18T12:44,32.9,97.0,32.24,4.36,22.6,Normal,443.2,443.2
233,Tata Nexon EV,40.5,312,12,1.8,Level 1 (Home),2.3,2026-02-18T16:01,32.8,80.8,19.44,8.45,32.3,Eco,246.7,264.0
234,MG ZS EV,50.3,461,3,0.45,Level 1 (Home),2.3,2026-02-18T20:21,44.9,84.9,20.12,8.75,23.3,Normal,381.4,381.4
235,BYD Atto 3,60.5,521,34,5.1,DC Fast Charger,50.0,2026-02-18T21:26,13.8,99.6,51.91,1.04,15.5,Aggressive,504.1,443.6
236,MG ZS EV,50.3,461,42,6.3,DC Fast Charger,50.0,2026-02-19T02:23,26.4,79.8,26.86,0.54,9.2,Normal,366.8,366.8
237,MG ZS EV,50.3,461,40,6.0,Level 1 (Home),2.3,2026-02-19T05:26,35.8,94.8,29.68,12.9,26.0,Eco,430.4,460.5
238,Tesla Model 3,57.5,513,31,4.65,Level 2 (AC Public),7.4,2026-02-19T13:17,28.0,77.2,28.29,3.82,29.8,Eco,403.7,432.0
239,MG ZS EV,50.3,461,38,5.7,Level 1 (Home),2.3,2026-02-19T16:53,19.1,80.9,31.09,13.52,32.9,Normal,362.1,362.1
240,Tata Nexon EV,40.5,312,11,1.65,Level 2 (AC Public),7.4,2026-02-19T23:40,32.9,92.3,24.06,3.25,7.3,Normal,285.7,285.7
241,BYD Atto 3,60.5,521,40,6.0,DC Fast Charger,50.0,2026-02-20T03:54,36.9,92.3,33.52,0.67,28.6,Normal,468.5,468.5
242,MG ZS EV,50.3,461,31,4.65,Level 2 (AC Public),7.4,2026-02-20T06:40,15.4,93.7,39.38,5.32,27.4,Aggressive,434.1,382.0
243,MG ZS EV,50.3,461,46,6.9,Level 1 (Home),2.3,2026-02-20T13:44,33.8,89.9,28.22,12.27,34.1,Aggressive,411.2,361.9
244,BYD Atto 3,60.5,521,11,1.65,Level 1 (Home),2.3,2026-02-20T17:37,12.2,88.7,46.28,20.12,23.7,Eco,460.1,492.3
245,BYD Atto 3,60.5,521,29,4.35,Level 2 (AC Public),7.4,2026-02-20T21:15,14.1,80.1,39.93,5.4,26.6,Aggressive,427.8,376.5
246,Tesla Model 3,57.5,513,47,7.05,Level 1 (Home),2.3,2026-02-21T04:43,28.0,86.4,33.58,14.6,7.1,Normal,430.6,430.6
247,Hyundai Kona Electric,39.2,452,35,5.25,Level 1 (Home),2.3,2026-02-21T05:54,36.1,89.5,20.93,9.1,6.7,Eco,395.1,422.8
248,Tata Nexon EV,40.5,312,42,6.3,Level 2 (AC Public),7.4,2026-02-21T14:51,11.1,85.2,30.01,4.06,33.5,Aggressive,260.5,229.2
249,Hyundai Kona Electric,39.2,452,35,5.25,Level 2 (AC Public),7.4,2026-02-21T23:33,25.7,97.9,28.3,3.82,19.0,Aggressive,453.9,399.4
250,Hyundai Kona Electric,39.2,452,1,0.15,Level 1 (Home),2.3,2026-02-22T01:37,16.2,88.4,28.3,12.3,24.6,Eco,394.2,421.8
251,Hyundai Kona Electric,39.2,452,30,4.5,Level 2 (AC Public),7.4,2026-02-22T08:40,33.6,88.6,21.56,2.91,24.7,Eco,392.9,420.4
252,Hyundai Kona Electric,39.2,452,40,6.0,Level 1 (Home),2.3,2026-02-22T12:26,42.8,93.1,19.72,8.57,9.2,Normal,403.9,403.9
253,Tata Nexon EV,40.5,312,4,0.6,Level 1 (Home),2.3,2026-02-22T19:34,17.2,77.5,24.42,10.62,6.2,Aggressive,232.3,204.4
254,Tata Nexon EV,40.5,312,33,4.95,Level 2 (AC Public),7.4,2026-02-22T22:31,25.4,88.5,25.56,3.45,32.9,Eco,270.9,289.9
255,MG ZS EV,50.3,461,20,3.0,DC Fast Charger,50.0,2026-02-23T07:28,30.2,89.4,29.78,0.6,33.6,Eco,402.5,430.7
256,BYD Atto 3,60.5,521,12,1.8,Level 1 (Home),2.3,2026-02-23T15:29,24.5,81.9,34.73,15.1,25.6,Aggressive,424.4,373.5
257,Tesla Model 3,57.5,513,21,3.15,DC Fast Charger,50.0,2026-02-23T21:29,27.3,99.3,41.4,0.83,39.8,Aggressive,492.8,433.7
258,Tesla Model 3,57.5,513,20,3.0,Level 1 (Home),2.3,2026-02-24T04:04,20.5,79.6,33.98,14.77,24.9,Eco,414.8,443.8
259,MG ZS EV,50.3,461,25,3.75,Level 2 (AC Public),7.4,2026-02-24T11:55,42.0,89.1,23.69,3.2,40.8,Eco,398.9,426.8
260,MG ZS EV,50.3,461,13,1.95,Level 2 (AC Public),7.4,2026-02-24T14:52,32.6,98.1,32.95,4.45,36.3,Aggressive,457.5,402.6
261,Tesla Model 3,57.5,513,47,7.05,DC Fast Charger,50.0,2026-02-24T16:17,31.2,76.0,25.76,0.52,7.7,Aggressive,372.2,327.5
262,MG ZS EV,50.3,461,13,1.95,Level 2 (AC Public),7.4,2026-02-24T22:39,17.3,97.7,40.44,5.46,16.2,Eco,439.6,470.4
263,Tata Nexon EV,40.5,312,26,3.9,DC Fast Charger,50.0,2026-02-25T07:21,45.0,87.0,17.01,0.34,14.0,Eco,268.7,287.5
264,BYD Atto 3,60.5,521,24,3.6,Level 2 (AC Public),7.4,2026-02-25T15:40,37.1,84.5,28.68,3.88,24.7,Normal,444.0,444.0
265,Tesla Model 3,57.5,513,24,3.6,Level 2 (AC Public),7.4,2026-02-25T20:46,13.5,99.5,49.45,6.68,22.4,Eco,500.2,535.2
266,Tata Nexon EV,40.5,312,38,5.7,DC Fast Charger,50.0,2026-02-26T00:16,40.2,93.5,21.59,0.43,5.6,Aggressive,280.3,246.7
267,Hyundai Kona Electric,39.2,452,42,6.3,Level 1 (Home),2.3,2026-02-26T07:02,16.9,80.8,25.05,10.89,26.1,Aggressive,370.9,326.4
268,Hyundai Kona Electric,39.2,452,11,1.65,Level 2 (AC Public),7.4,2026-02-26T15:35,36.7,87.2,19.8,2.68,31.8,Normal,388.6,388.6
269,Hyundai Kona Electric,39.2,452,4,0.6,Level 1 (Home),2.3,2026-02-26T22:26,14.9,88.7,28.93,12.58,11.8,Aggressive,386.9,340.5
270,Tata Nexon EV,40.5,312,46,6.9,DC Fast Charger,50.0,2026-02-27T03:38,11.7,75.2,25.72,0.51,10.1,Eco,228.4,244.4
271,MG ZS EV,50.3,461,43,6.45,DC Fast Charger,50.0,2026-02-27T05:50,26.0,76.5,25.4,0.51,28.6,Normal,343.7,343.7
272,Tata Nexon EV,40.5,312,2,0.3,DC Fast Charger,50.0,2026-02-27T10:45,29.3,75.3,18.63,0.37,24.6,Normal,238.2,238.2
273,Tesla Model 3,57.5,513,17,2.55,Level 1 (Home),2.3,2026-02-27T15:46,13.7,77.4,36.63,15.93,10.5,Aggressive,397.3,349.6
274,Hyundai Kona Electric,39.2,452,15,2.25,Level 2 (AC Public),7.4,2026-02-27T23:17,12.8,99.0,33.79,4.57,22.0,Aggressive,454.5,400.0
275,Tata Nexon EV,40.5,312,36,5.4,DC Fast Charger,50.0,2026-02-28T02:41,44.7,91.2,18.83,0.38,6.2,Normal,276.4,276.4
276,Tata Nexon EV,40.5,312,7,1.05,DC Fast Charger,50.0,2026-02-28T07:29,16.0,87.5,28.96,0.58,21.1,Aggressive,268.4,236.2
277,Tata Nexon EV,40.5,312,5,0.75,Level 1 (Home),2.3,2026-02-28T15:39,17.4,96.7,32.12,13.97,37.8,Eco,297.0,317.8
278,Hyundai Kona Electric,39.2,452,38,5.7,DC Fast Charger,50.0,2026-02-28T22:07,29.7,75.8,18.07,0.36,39.4,Eco,338.9,362.6
279,Tesla Model 3,57.5,513,35,5.25,Level 1 (Home),2.3,2026-03-01T00:17,20.5,89.1,39.44,17.15,26.0,Aggressive,447.7,394.0
280,MG ZS EV,50.3,461,15,2.25,DC Fast Charger,50.0,2026-03-01T03:56,35.3,87.5,26.26,0.53,41.0,Normal,403.3,403.3
281,Hyundai Kona Electric,39.2,452,41,6.15,DC Fast Charger,50.0,2026-03-01T11:38,36.9,98.9,24.3,0.49,19.7,Eco,439.8,470.6
282,Tesla Model 3,57.5,513,43,6.45,Level 2 (AC Public),7.4,2026-03-01T14:50,18.0,88.8,40.71,5.5,18.9,Aggressive,464.3,408.6
283,BYD Atto 3,60.5,521,41,6.15,Level 2 (AC Public),7.4,2026-03-01T18:52,37.9,92.8,33.21,4.49,8.0,Aggressive,480.0,422.4
284,Tesla Model 3,57.5,513,7,1.05,Level 2 (AC Public),7.4,2026-03-01T21:06,22.6,77.3,31.45,4.25,39.9,Normal,388.6,388.6
285,MG ZS EV,50.3,461,36,5.4,Level 2 (AC Public),7.4,2026-03-01T23:10,25.7,88.9,31.79,4.3,20.1,Normal,421.8,421.8
286,BYD Atto 3,60.5,521,36,5.4,Level 2 (AC Public),7.4,2026-03-02T00:54,40.2,75.3,21.24,2.87,20.3,Aggressive,385.8,339.5
287,MG ZS EV,50.3,461,32,4.8,DC Fast Charger,50.0,2026-03-02T09:09,28.2,92.1,32.14,0.64,11.3,Normal,424.2,424.2
288,MG ZS EV,50.3,461,47,7.05,Level 2 (AC Public),7.4,2026-03-02T11:19,19.7,82.5,31.59,4.27,34.0,Eco,381.2,407.9
289,BYD Atto 3,60.5,521,40,6.0,DC Fast Charger,50.0,2026-03-02T17:19,16.8,77.7,36.84,0.74,16.3,Normal,394.2,394.2
290,Hyundai Kona Electric,39.2,452,20,3.0,Level 2 (AC Public),7.4,2026-03-02T21:21,21.7,95.4,28.89,3.9,36.8,Eco,413.5,442.4
291,MG ZS EV,50.3,461,41,6.15,Level 2 (AC Public),7.4,2026-03-03T00:55,21.0,99.1,39.28,5.31,40.8,Aggressive,450.6,396.5
292,BYD Atto 3,60.5,521,13,1.95,Level 1 (Home),2.3,2026-03-03T05:51,21.4,82.0,36.66,15.94,34.1,Aggressive,428.0,376.6
293,BYD Atto 3,60.5,521,14,2.1,Level 1 (Home),2.3,2026-03-03T11:35,33.9,88.8,33.21,14.44,40.3,Aggressive,452.4,398.1
294,Hyundai Kona Electric,39.2,452,41,6.15,DC Fast Charger,50.0,2026-03-03T16:06,12.4,96.2,32.85,0.66,34.4,Eco,427.3,457.2
295,Hyundai Kona Electric,39.2,452,31,4.65,DC Fast Charger,50.0,2026-03-03T19:31,15.4,85.6,27.52,0.55,18.9,Aggressive,388.1,341.5
296,BYD Atto 3,60.5,521,45,6.75,DC Fast Charger,50.0,2026-03-04T01:11,42.3,96.7,32.91,0.66,20.5,Normal,518.2,518.2
297,BYD Atto 3,60.5,521,11,1.65,DC Fast Charger,50.0,2026-03-04T09:20,32.3,77.1,27.1,0.54,33.5,Normal,396.2,396.2
298,Tata Nexon EV,40.5,312,7,1.05,DC Fast Charger,50.0,2026-03-04T15:31,44.4,91.9,19.24,0.38,19.8,Normal,282.4,282.4
299,Hyundai Kona Electric,39.2,452,24,3.6,Level 1 (Home),2.3,2026-03-04T16:36,27.9,88.0,23.56,10.24,26.5,Normal,396.0,396.0
300,BYD Atto 3,60.5,521,6,0.9,DC Fast Charger,50.0,2026-03-04T20:44,27.5,83.6,33.94,0.68,5.9,Normal,430.1,430.1
301,MG ZS EV,50.3,461,7,1.05,Level 2 (AC Public),7.4,2026-03-04T22:39,20.9,86.4,32.95,4.45,12.7,Normal,395.1,395.1
302,Tesla Model 3,57.5,513,42,6.3,Level 2 (AC Public),7.4,2026-03-05T03:10,12.4,76.1,36.63,4.95,31.3,Normal,401.9,401.9
303,MG ZS EV,50.3,461,15,2.25,DC Fast Charger,50.0,2026-03-05T05:02,18.5,79.4,30.63,0.61,10.9,Normal,358.9,358.9
304,MG ZS EV,50.3,461,29,4.35,Level 1 (Home),2.3,2026-03-05T12:25,32.4,85.8,26.86,11.68,6.1,Eco,379.4,406.0
305,Tesla Model 3,57.5,513,37,5.55,Level 1 (Home),2.3,2026-03-05T18:09,34.7,80.1,26.1,11.35,32.8,Eco,402.5,430.7
306,BYD Atto 3,60.5,521,34,5.1,Level 1 (Home),2.3,2026-03-05T19:58,22.8,79.9,34.55,15.02,9.2,Normal,402.8,402.8
307,Hyundai Kona Electric,39.2,452,40,6.0,DC Fast Charger,50.0,2026-03-06T04:42,23.6,84.8,23.99,0.48,9.2,Normal,377.9,377.9
308,Hyundai Kona Electric,39.2,452,12,1.8,DC Fast Charger,50.0,2026-03-06T07:05,30.7,91.8,23.95,0.48,16.6,Eco,421.5,451.0
309,MG ZS EV,50.3,461,41,6.15,DC Fast Charger,50.0,2026-03-06T11:04,23.6,89.9,33.35,0.67,26.3,Normal,416.4,416.4
310,MG ZS EV,50.3,461,4,0.6,DC Fast Charger,50.0,2026-03-06T16:22,15.8,82.2,33.4,0.67,11.9,Aggressive,366.9,322.9
311,Tata Nexon EV,40.5,312,27,4.05,Level 2 (AC Public),7.4,2026-03-07T00:17,14.8,95.4,32.64,4.41,40.7,Normal,290.0,290.0
312,Tesla Model 3,57.5,513,19,2.85,DC Fast Charger,50.0,2026-03-07T06:46,39.4,87.2,27.49,0.55,8.1,Eco,447.6,478.9
313,MG ZS EV,50.3,461,36,5.4,DC Fast Charger,50.0,2026-03-07T08:02,20.1,94.5,37.42,0.75,25.9,Normal,428.6,428.6
314,BYD Atto 3,60.5,521,47,7.05,Level 1 (Home),2.3,2026-03-07T13:07,19.4,88.6,41.87,18.2,41.7,Eco,447.5,478.8
315,MG ZS EV,50.3,461,29,4.35,Level 2 (AC Public),7.4,2026-03-07T17:39,13.6,95.8,41.35,5.59,32.8,Eco,446.0,477.2
316,Tata Nexon EV,40.5,312,38,5.7,Level 2 (AC Public),7.4,2026-03-07T20:45,40.3,77.9,15.23,2.06,35.0,Aggressive,245.1,215.7
317,BYD Atto 3,60.5,521,37,5.55,DC Fast Charger,50.0,2026-03-08T03:16,25.0,90.4,39.57,0.79,34.0,Eco,459.6,491.8
318,Hyundai Kona Electric,39.2,452,33,4.95,DC Fast Charger,50.0,2026-03-08T07:04,28.9,83.1,21.25,0.42,31.0,Normal,380.4,380.4
319,Tata Nexon EV,40.5,312,9,1.35,Level 1 (Home),2.3,2026-03-08T15:57,43.7,94.6,20.61,8.96,39.0,Aggressive,281.0,247.3
320,MG ZS EV,50.3,461,32,4.8,Level 1 (Home),2.3,2026-03-08T22:34,15.1,83.1,34.2,14.87,14.2,Normal,374.2,374.2
321,Hyundai Kona Electric,39.2,452,26,3.9,DC Fast Charger,50.0,2026-03-09T00:42,24.5,86.3,24.23,0.48,28.4,Eco,381.4,408.1
322,Hyundai Kona Electric,39.2,452,47,7.05,DC Fast Charger,50.0,2026-03-09T05:49,42.8,84.2,16.23,0.32,40.2,Eco,375.2,401.5
323,Tesla Model 3,57.5,513,28,4.2,DC Fast Charger,50.0,2026-03-09T07:34,33.2,84.0,29.21,0.58,7.3,Eco,417.2,446.4
324,Tesla Model 3,57.5,513,22,3.3,Level 2 (AC Public),7.4,2026-03-09T15:10,21.3,82.1,34.96,4.72,25.3,Normal,430.7,430.7
325,Tata Nexon EV,40.5,312,29,4.35,Level 1 (Home),2.3,2026-03-09T23:19,13.5,94.6,32.85,14.28,22.0,Eco,302.0,323.1
326,Tesla Model 3,57.5,513,6,0.9,Level 1 (Home),2.3,2026-03-10T03:58,44.8,97.7,30.42,13.23,37.6,Normal,498.8,498.8
327,Hyundai Kona Electric,39.2,452,47,7.05,Level 1 (Home),2.3,2026-03-10T10:13,23.0,97.6,29.24,12.71,11.1,Normal,437.1,437.1
328,MG ZS EV,50.3,461,38,5.7,Level 2 (AC Public),7.4,2026-03-10T16:48,32.9,92.6,30.03,4.06,5.0,Eco,411.0,439.8
329,Tesla Model 3,57.5,513,9,1.35,Level 1 (Home),2.3,2026-03-10T19:37,10.3,83.6,42.15,18.33,9.5,Aggressive,410.9,361.6
330,MG ZS EV,50.3,461,9,1.35,Level 2 (AC Public),7.4,2026-03-11T00:26,13.1,95.1,41.25,5.57,8.8,Normal,431.1,431.1
331,MG ZS EV,50.3,461,11,1.65,DC Fast Charger,50.0,2026-03-11T04:30,44.8,78.6,17.0,0.34,24.6,Aggressive,373.4,328.6
332,MG ZS EV,50.3,461,6,0.9,DC Fast Charger,50.0,2026-03-11T09:01,36.2,98.0,31.09,0.62,27.8,Eco,453.3,485.0
333,MG ZS EV,50.3,461,16,2.4,Level 1 (Home),2.3,2026-03-11T17:12,30.6,84.6,27.16,11.81,40.6,Eco,384.4,411.3
334,Tata Nexon EV,40.5,312,2,0.3,Level 1 (Home),2.3,2026-03-11T20:25,29.4,90.0,24.54,10.67,27.5,Aggressive,276.2,243.1
335,Hyundai Kona Electric,39.2,452,16,2.4,Level 1 (Home),2.3,2026-03-12T04:11,28.1,87.7,23.36,10.16,32.7,Eco,400.5,428.5
336,Tata Nexon EV,40.5,312,21,3.15,Level 1 (Home),2.3,2026-03-12T09:09,27.5,89.8,25.23,10.97,24.5,Normal,272.4,272.4
337,BYD Atto 3,60.5,521,2,0.3,Level 2 (AC Public),7.4,2026-03-12T11:12,22.8,92.1,41.93,5.67,33.2,Eco,465.5,498.1
338,Tata Nexon EV,40.5,312,41,6.15,Level 2 (AC Public),7.4,2026-03-12T16:54,17.6,98.1,32.6,4.41,40.1,Normal,300.6,300.6
339,Tesla Model 3,57.5,513,6,0.9,Level 2 (AC Public),7.4,2026-03-12T23:36,34.6,77.1,24.44,3.3,24.9,Normal,392.8,392.8
340,BYD Atto 3,60.5,521,44,6.6,Level 1 (Home),2.3,2026-03-13T03:05,44.1,78.9,21.05,9.15,17.1,Aggressive,408.9,359.8
341,Hyundai Kona Electric,39.2,452,8,1.2,DC Fast Charger,50.0,2026-03-13T09:14,25.3,98.8,28.81,0.58,13.8,Normal,451.3,451.3
342,BYD Atto 3,60.5,521,9,1.35,Level 1 (Home),2.3,2026-03-13T13:51,20.8,93.5,43.98,19.12,32.4,Aggressive,497.9,438.2
343,MG ZS EV,50.3,461,24,3.6,Level 2 (AC Public),7.4,2026-03-13T20:28,43.4,88.1,22.48,3.04,34.0,Eco,398.5,426.4
344,Hyundai Kona Electric,39.2,452,34,5.1,DC Fast Charger,50.0,2026-03-13T22:29,41.0,94.3,20.89,0.42,6.1,Normal,404.4,404.4
345,BYD Atto 3,60.5,521,11,1.65,DC Fast Charger,50.0,2026-03-14T00:00,12.7,86.4,44.59,0.89,18.3,Aggressive,450.2,396.2
346,Hyundai Kona Electric,39.2,452,3,0.45,Level 1 (Home),2.3,2026-03-14T03:56,41.3,91.9,19.84,8.63,9.3,Eco,400.5,428.5
347,Tata Nexon EV,40.5,312,36,5.4,Level 1 (Home),2.3,2026-03-14T11:48,11.6,84.1,29.36,12.77,39.0,Eco,261.9,280.2
348,Tesla Model 3,57.5,513,37,5.55,Level 1 (Home),2.3,2026-03-14T19:14,21.3,85.4,36.86,16.03,31.7,Eco,444.2,475.3
349,BYD Atto 3,60.5,521,5,0.75,DC Fast Charger,50.0,2026-03-14T23:13,41.6,79.5,22.93,0.46,34.8,Normal,399.3,399.3
350,Hyundai Kona Electric,39.2,452,20,3.0,Level 2 (AC Public),7.4,2026-03-15T07:14,21.5,88.8,26.38,3.56,5.3,Aggressive,393.2,346.0
351,MG ZS EV,50.3,461,35,5.25,Level 2 (AC Public),7.4,2026-03-15T14:09,22.9,99.3,38.43,5.19,41.9,Aggressive,437.5,385.0
352,MG ZS EV,50.3,461,1,0.15,Level 1 (Home),2.3,2026-03-15T21:14,10.2,85.3,37.78,16.43,13.6,Aggressive,394.7,347.3
353,Tata Nexon EV,40.5,312,27,4.05,DC Fast Charger,50.0,2026-03-16T05:50,23.2,93.5,28.47,0.57,16.4,Eco,297.0,317.8
354,Tata Nexon EV,40.5,312,27,4.05,Level 1 (Home),2.3,2026-03-16T10:47,34.9,77.3,17.17,7.47,39.1,Aggressive,230.8,203.1
355,Hyundai Kona Electric,39.2,452,5,0.75,Level 2 (AC Public),7.4,2026-03-16T17:23,44.1,77.1,12.94,1.75,8.5,Normal,347.1,347.1
356,Tata Nexon EV,40.5,312,45,6.75,Level 2 (AC Public),7.4,2026-03-16T23:07,33.2,78.3,18.27,2.47,15.8,Normal,239.3,239.3
357,Hyundai Kona Electric,39.2,452,7,1.05,Level 2 (AC Public),7.4,2026-03-17T06:46,25.8,80.8,21.56,2.91,39.9,Aggressive,364.5,320.8
358,MG ZS EV,50.3,461,29,4.35,Level 2 (AC Public),7.4,2026-03-17T09:01,26.3,85.2,29.63,4.0,24.8,Eco,382.1,408.8
359,Hyundai Kona Electric,39.2,452,3,0.45,Level 1 (Home),2.3,2026-03-17T12:29,13.2,95.2,32.14,13.97,16.3,Aggressive,425.1,374.1
360,Hyundai Kona Electric,39.2,452,20,3.0,Level 1 (Home),2.3,2026-03-17T15:12,13.2,81.2,26.66,11.59,18.2,Aggressive,366.7,322.7
361,MG ZS EV,50.3,461,30,4.5,Level 1 (Home),2.3,2026-03-17T18:17,43.3,96.4,26.71,11.61,25.6,Eco,443.1,474.1
362,MG ZS EV,50.3,461,24,3.6,Level 1 (Home),2.3,2026-03-17T20:06,10.4,95.8,42.96,18.68,41.4,Normal,439.0,439.0
363,Tata Nexon EV,40.5,312,42,6.3,DC Fast Charger,50.0,2026-03-18T02:35,30.5,97.9,27.3,0.55,7.8,Eco,288.5,308.7
364,MG ZS EV,50.3,461,4,0.6,Level 1 (Home),2.3,2026-03-18T07:08,41.7,95.7,27.16,11.81,17.3,Normal,453.6,453.6
365,BYD Atto 3,60.5,521,23,3.45,Level 2 (AC Public),7.4,2026-03-18T09:29,38.8,84.9,27.89,3.77,6.1,Eco,422.6,452.2
366,MG ZS EV,50.3,461,42,6.3,Level 2 (AC Public),7.4,2026-03-18T12:12,19.8,97.1,38.88,5.25,6.3,Eco,429.6,459.7
367,Tesla Model 3,57.5,513,34,5.1,DC Fast Charger,50.0,2026-03-18T15:34,26.8,77.2,28.98,0.58,19.2,Aggressive,398.0,350.2
368,BYD Atto 3,60.5,521,23,3.45,Level 1 (Home),2.3,2026-03-18T18:33,44.6,94.5,30.19,13.13,18.3,Normal,491.0,491.0
369,BYD Atto 3,60.5,521,4,0.6,Level 2 (AC Public),7.4,2026-03-19T02:51,23.6,79.5,33.82,4.57,16.8,Normal,421.3,421.3
370,Tesla Model 3,57.5,513,43,6.45,DC Fast Charger,50.0,2026-03-19T10:19,22.5,89.6,38.58,0.77,13.6,Eco,466.6,499.3
371,BYD Atto 3,60.5,521,23,3.45,DC Fast Charger,50.0,2026-03-19T13:15,12.0,99.9,53.18,1.06,13.1,Normal,506.1,506.1
372,MG ZS EV,50.3,461,2,0.3,Level 1 (Home),2.3,2026-03-19T21:44,18.3,83.0,32.54,14.15,32.3,Aggressive,385.5,339.2
373,Hyundai Kona Electric,39.2,452,35,5.25,DC Fast Charger,50.0,2026-03-20T04:22,29.7,89.1,23.28,0.47,12.0,Normal,386.8,386.8
374,Tesla Model 3,57.5,513,22,3.3,Level 1 (Home),2.3,2026-03-20T07:50,13.2,80.8,38.87,16.9,13.1,Eco,410.7,439.4
375,MG ZS EV,50.3,461,2,0.3,Level 1 (Home),2.3,2026-03-20T16:11,21.9,79.4,28.92,12.57,34.7,Eco,355.3,380.2
376,MG ZS EV,50.3,461,26,3.9,Level 1 (Home),2.3,2026-03-20T18:22,39.6,96.5,28.62,12.44,40.5,Aggressive,437.0,384.6
377,Hyundai Kona Electric,39.2,452,32,4.8,Level 2 (AC Public),7.4,2026-03-21T00:03,21.3,99.4,30.62,4.14,32.1,Aggressive,450.9,396.8
378,MG ZS EV,50.3,461,43,6.45,DC Fast Charger,50.0,2026-03-21T06:14,43.9,92.3,24.35,0.49,39.4,Eco,409.4,438.1
379,MG ZS EV,50.3,461,37,5.55,Level 2 (AC Public),7.4,2026-03-21T11:57,20.7,92.2,35.96,4.86,9.7,Aggressive,410.7,361.4
380,BYD Atto 3,60.5,521,37,5.55,Level 1 (Home),2.3,2026-03-21T16:05,16.4,83.0,40.29,17.52,34.9,Aggressive,425.9,374.8
381,Tesla Model 3,57.5,513,6,0.9,Level 1 (Home),2.3,2026-03-21T17:55,21.6,76.9,31.8,13.83,17.8,Aggressive,398.8,350.9
382,Hyundai Kona Electric,39.2,452,47,7.05,Level 2 (AC Public),7.4,2026-03-22T01:29,10.4,80.2,27.36,3.7,30.6,Eco,365.8,391.4
383,Tesla Model 3,57.5,513,23,3.45,Level 2 (AC Public),7.4,2026-03-22T02:30,35.6,99.2,36.57,4.94,37.7,Normal,500.5,500.5
384,Tata Nexon EV,40.5,312,5,0.75,Level 2 (AC Public),7.4,2026-03-22T07:52,37.6,89.5,21.02,2.84,33.1,Normal,283.0,283.0
385,Tata Nexon EV,40.5,312,11,1.65,Level 2 (AC Public),7.4,2026-03-22T15:16,10.7,81.5,28.67,3.87,8.9,Normal,250.5,250.5
386,BYD Atto 3,60.5,521,42,6.3,Level 1 (Home),2.3,2026-03-22T22:07,21.8,99.6,47.07,20.47,38.0,Normal,503.7,503.7
387,Tesla Model 3,57.5,513,47,7.05,Level 1 (Home),2.3,2026-03-23T00:26,11.9,83.3,41.05,17.85,41.1,Aggressive,418.2,368.0
388,BYD Atto 3,60.5,521,32,4.8,Level 2 (AC Public),7.4,2026-03-23T08:51,33.1,82.4,29.83,4.03,8.5,Aggressive,421.1,370.6
389,Hyundai Kona Electric,39.2,452,7,1.05,Level 1 (Home),2.3,2026-03-23T11:04,25.0,82.4,22.5,9.78,29.5,Eco,370.2,396.1
390,MG ZS EV,50.3,461,31,4.65,DC Fast Charger,50.0,2026-03-23T12:17,20.2,77.0,28.57,0.57,36.2,Normal,354.6,354.6
391,Hyundai Kona Electric,39.2,452,29,4.35,Level 1 (Home),2.3,2026-03-23T17:11,32.5,84.7,20.46,8.9,18.7,Eco,385.6,412.6
392,Tesla Model 3,57.5,513,43,6.45,Level 2 (AC Public),7.4,2026-03-23T18:33,19.2,95.9,44.1,5.96,25.9,Aggressive,502.5,442.2
393,Hyundai Kona Electric,39.2,452,34,5.1,DC Fast Charger,50.0,2026-03-23T20:19,24.5,93.9,27.2,0.54,13.4,Normal,433.1,433.1
394,BYD Atto 3,60.5,521,26,3.9,DC Fast Charger,50.0,2026-03-24T00:40,40.3,86.9,28.19,0.56,37.6,Eco,445.9,477.1
395,Tata Nexon EV,40.5,312,8,1.2,DC Fast Charger,50.0,2026-03-24T08:54,30.0,87.9,23.45,0.47,26.1,Eco,266.5,285.2
396,Tesla Model 3,57.5,513,28,4.2,Level 1 (Home),2.3,2026-03-24T17:29,43.2,79.2,20.7,9.0,12.8,Eco,410.2,438.9
397,Tesla Model 3,57.5,513,5,0.75,Level 1 (Home),2.3,2026-03-24T19:07,44.9,90.7,26.34,11.45,35.9,Aggressive,466.6,410.6
398,BYD Atto 3,60.5,521,45,6.75,Level 2 (AC Public),7.4,2026-03-24T20:49,29.3,96.4,40.6,5.49,24.2,Eco,490.0,524.3
399,BYD Atto 3,60.5,521,7,1.05,Level 2 (AC Public),7.4,2026-03-25T02:48,13.9,78.7,39.2,5.3,26.0,Eco,408.0,436.6
400,Tata Nexon EV,40.5,312,32,4.8,Level 2 (AC Public),7.4,2026-03-25T08:18,40.4,97.0,22.92,3.1,37.5,Aggressive,301.9,265.7
401,Tesla Model 3,57.5,513,3,0.45,Level 1 (Home),2.3,2026-03-25T13:52,16.0,85.1,39.73,17.27,27.9,Normal,431.9,431.9
402,Hyundai Kona Electric,39.2,452,22,3.3,DC Fast Charger,50.0,2026-03-25T18:02,18.3,93.6,29.52,0.59,39.1,Eco,404.8,433.1
403,Hyundai Kona Electric,39.2,452,9,1.35,Level 2 (AC Public),7.4,2026-03-26T01:35,19.8,87.3,26.46,3.58,30.8,Eco,404.3,432.6
404,Tesla Model 3,57.5,513,27,4.05,Level 2 (AC Public),7.4,2026-03-26T04:59,19.4,85.4,37.95,5.13,28.9,Eco,446.5,477.8
405,BYD Atto 3,60.5,521,26,3.9,Level 2 (AC Public),7.4,2026-03-26T11:55,38.7,87.9,29.77,4.02,10.9,Aggressive,455.7,401.0
406,BYD Atto 3,60.5,521,3,0.45,DC Fast Charger,50.0,2026-03-26T14:00,11.0,79.8,41.62,0.83,35.8,Eco,403.0,431.2
407,Hyundai Kona Electric,39.2,452,44,6.6,DC Fast Charger,50.0,2026-03-26T18:39,17.0,84.2,26.34,0.53,22.2,Eco,383.0,409.8
408,Hyundai Kona Electric,39.2,452,23,3.45,Level 2 (AC Public),7.4,2026-03-26T19:53,30.8,79.4,19.05,2.57,37.2,Normal,351.6,351.6
409,Hyundai Kona Electric,39.2,452,14,2.1,DC Fast Charger,50.0,2026-03-26T22:12,39.1,77.3,14.97,0.3,6.0,Aggressive,346.3,304.7
410,MG ZS EV,50.3,461,1,0.15,DC Fast Charger,50.0,2026-03-27T06:03,17.2,91.3,37.27,0.75,24.0,Aggressive,411.9,362.5
411,MG ZS EV,50.3,461,46,6.9,DC Fast Charger,50.0,2026-03-27T10:51,16.1,95.0,39.69,0.79,13.3,Normal,432.2,432.2
412,Hyundai Kona Electric,39.2,452,44,6.6,Level 2 (AC Public),7.4,2026-03-27T19:35,41.3,96.3,21.56,2.91,22.0,Normal,442.8,442.8
413,BYD Atto 3,60.5,521,36,5.4,Level 2 (AC Public),7.4,2026-03-28T00:45,30.5,75.2,27.04,3.65,42.0,Normal,370.3,370.3
414,BYD Atto 3,60.5,521,21,3.15,Level 2 (AC Public),7.4,2026-03-28T06:56,20.4,77.7,34.67,4.69,7.4,Aggressive,382.0,336.2
415,Hyundai Kona Electric,39.2,452,4,0.6,DC Fast Charger,50.0,2026-03-28T14:49,34.9,97.3,24.46,0.49,16.1,Eco,449.2,480.6
416,BYD Atto 3,60.5,521,17,2.55,Level 2 (AC Public),7.4,2026-03-28T22:16,33.1,92.0,35.63,4.81,31.7,Normal,474.9,474.9
417,Tesla Model 3,57.5,513,47,7.05,Level 2 (AC Public),7.4,2026-03-29T06:31,35.8,89.6,30.93,4.18,41.8,Normal,438.4,438.4
418,BYD Atto 3,60.5,521,43,6.45,DC Fast Charger,50.0,2026-03-29T13:14,37.5,97.7,36.42,0.73,29.9,Eco,508.8,544.4
419,MG ZS EV,50.3,461,44,6.6,Level 2 (AC Public),7.4,2026-03-29T21:14,13.4,78.2,32.59,4.4,14.6,Eco,353.4,378.1
420,Tata Nexon EV,40.5,312,24,3.6,Level 1 (Home),2.3,2026-03-30T05:26,22.4,93.6,28.84,12.54,16.4,Normal,287.1,287.1
421,Hyundai Kona Electric,39.2,452,5,0.75,Level 2 (AC Public),7.4,2026-03-30T08:31,39.8,86.8,18.42,2.49,37.1,Aggressive,384.5,338.4
422,MG ZS EV,50.3,461,9,1.35,DC Fast Charger,50.0,2026-03-30T13:18,14.2,92.0,39.13,0.78,24.6,Eco,426.3,456.1
423,Hyundai Kona Electric,39.2,452,12,1.8,Level 2 (AC Public),7.4,2026-03-30T22:14,44.6,97.3,20.66,2.79,41.5,Aggressive,436.7,384.3
424,Tesla Model 3,57.5,513,14,2.1,Level 2 (AC Public),7.4,2026-03-31T05:28,32.1,79.4,27.2,3.68,28.5,Normal,419.8,419.8
425,MG ZS EV,50.3,461,28,4.2,DC Fast Charger,50.0,2026-03-31T12:33,36.8,87.2,25.35,0.51,33.3,Aggressive,410.5,361.2
426,Tesla Model 3,57.5,513,1,0.15,Level 2 (AC Public),7.4,2026-03-31T18:37,43.8,84.6,23.46,3.17,6.4,Normal,427.0,427.0
427,BYD Atto 3,60.5,521,20,3.0,Level 1 (Home),2.3,2026-04-01T02:46,10.6,75.1,39.02,16.97,32.1,Normal,397.7,397.7
428,Tesla Model 3,57.5,513,30,4.5,DC Fast Charger,50.0,2026-04-01T04:47,30.6,79.2,27.95,0.56,35.5,Normal,407.0,407.0
429,BYD Atto 3,60.5,521,23,3.45,DC Fast Charger,50.0,2026-04-01T11:37,21.8,97.2,45.62,0.91,41.8,Normal,496.5,496.5
430,MG ZS EV,50.3,461,38,5.7,Level 2 (AC Public),7.4,2026-04-01T18:37,10.7,80.6,35.16,4.75,41.4,Eco,367.6,393.3
431,Tata Nexon EV,40.5,312,40,6.0,Level 2 (AC Public),7.4,2026-04-01T23:39,34.9,94.8,24.26,3.28,18.9,Aggressive,293.3,258.1
432,Tata Nexon EV,40.5,312,25,3.75,DC Fast Charger,50.0,2026-04-02T01:02,13.8,95.9,33.25,0.67,6.8,Normal,296.3,296.3
433,Hyundai Kona Electric,39.2,452,43,6.45,Level 2 (AC Public),7.4,2026-04-02T03:02,34.6,80.1,17.84,2.41,30.4,Normal,373.0,373.0
434,BYD Atto 3,60.5,521,47,7.05,Level 2 (AC Public),7.4,2026-04-02T04:50,31.8,92.5,36.72,4.96,20.5,Aggressive,470.7,414.2
435,Hyundai Kona Electric,39.2,452,13,1.95,Level 1 (Home),2.3,2026-04-02T10:47,37.5,87.4,19.56,8.5,27.5,Aggressive,388.6,342.0
436,Tesla Model 3,57.5,513,22,3.3,Level 2 (AC Public),7.4,2026-04-02T14:39,15.6,88.7,42.03,5.68,38.7,Normal,441.2,441.2
437,Tata Nexon EV,40.5,312,33,4.95,DC Fast Charger,50.0,2026-04-02T17:31,13.1,77.8,26.2,0.52,26.2,Eco,242.8,259.8
438,Tata Nexon EV,40.5,312,7,1.05,Level 2 (AC Public),7.4,2026-04-02T19:07,32.6,86.4,21.79,2.94,41.2,Eco,266.0,284.6
439,Tata Nexon EV,40.5,312,1,0.15,Level 2 (AC Public),7.4,2026-04-03T02:37,22.6,91.9,28.07,3.79,20.8,Eco,293.5,314.0
440,MG ZS EV,50.3,461,24,3.6,Level 2 (AC Public),7.4,2026-04-03T10:26,22.5,85.9,31.89,4.31,28.0,Eco,387.2,414.3
441,MG ZS EV,50.3,461,27,4.05,Level 1 (Home),2.3,2026-04-03T17:58,24.0,99.1,37.78,16.43,15.1,Normal,460.0,460.0
442,MG ZS EV,50.3,461,27,4.05,Level 1 (Home),2.3,2026-04-04T00:09,14.6,93.2,39.54,17.19,41.3,Eco,409.8,438.5
443,Tesla Model 3,57.5,513,44,6.6,DC Fast Charger,50.0,2026-04-04T08:26,33.7,79.5,26.33,0.53,19.1,Eco,411.3,440.1
444,MG ZS EV,50.3,461,42,6.3,Level 2 (AC Public),7.4,2026-04-04T16:29,42.2,77.8,17.91,2.42,20.2,Normal,368.7,368.7
445,BYD Atto 3,60.5,521,34,5.1,DC Fast Charger,50.0,2026-04-04T20:00,30.2,89.1,35.63,0.71,41.2,Normal,447.3,447.3
446,BYD Atto 3,60.5,521,25,3.75,Level 1 (Home),2.3,2026-04-05T01:11,25.1,93.2,41.2,17.91,22.8,Aggressive,480.8,423.1
447,BYD Atto 3,60.5,521,11,1.65,DC Fast Charger,50.0,2026-04-05T03:22,11.9,91.1,47.92,0.96,10.8,Normal,457.4,457.4
448,Tesla Model 3,57.5,513,25,3.75,Level 2 (AC Public),7.4,2026-04-05T04:58,18.4,99.3,46.52,6.29,6.9,Aggressive,501.5,441.3
449,MG ZS EV,50.3,461,21,3.15,Level 1 (Home),2.3,2026-04-05T09:12,26.1,95.0,34.66,15.07,21.6,Normal,428.8,428.8
450,Tesla Model 3,57.5,513,6,0.9,DC Fast Charger,50.0,2026-04-05T11:09,32.9,77.6,25.7,0.51,20.3,Eco,396.7,424.5
451,BYD Atto 3,60.5,521,24,3.6,DC Fast Charger,50.0,2026-04-05T18:29,20.7,87.7,40.54,0.81,12.7,Normal,448.2,448.2
452,MG ZS EV,50.3,461,46,6.9,Level 2 (AC Public),7.4,2026-04-06T02:05,21.6,94.2,36.52,4.94,27.2,Normal,428.7,428.7
453,Tata Nexon EV,40.5,312,36,5.4,DC Fast Charger,50.0,2026-04-06T06:42,17.8,83.5,26.61,0.53,35.7,Normal,250.7,250.7
454,Tata Nexon EV,40.5,312,7,1.05,Level 1 (Home),2.3,2026-04-06T11:53,41.4,87.3,18.59,8.08,35.4,Normal,265.8,265.8
455,MG ZS EV,50.3,461,46,6.9,Level 1 (Home),2.3,2026-04-06T14:55,14.2,96.3,41.3,17.96,13.0,Eco,432.1,462.3
456,Tesla Model 3,57.5,513,30,4.5,Level 1 (Home),2.3,2026-04-06T18:37,42.4,95.9,30.76,13.37,26.8,Normal,484.1,484.1
457,BYD Atto 3,60.5,521,38,5.7,Level 1 (Home),2.3,2026-04-07T00:53,43.7,75.1,19.0,8.26,32.2,Normal,389.8,389.8
458,BYD Atto 3,60.5,521,39,5.85,Level 1 (Home),2.3,2026-04-07T05:45,34.2,79.3,27.29,11.87,35.2,Aggressive,419.1,368.8
459,Hyundai Kona Electric,39.2,452,18,2.7,DC Fast Charger,50.0,2026-04-07T11:36,40.8,85.5,17.52,0.35,27.5,Eco,382.0,408.7
460,Hyundai Kona Electric,39.2,452,33,4.95,Level 2 (AC Public),7.4,2026-04-07T15:47,25.8,78.3,20.58,2.78,20.3,Aggressive,349.7,307.7
461,BYD Atto 3,60.5,521,46,6.9,Level 2 (AC Public),7.4,2026-04-07T19:10,34.9,98.4,38.42,5.19,28.4,Aggressive,522.0,459.4
462,Hyundai Kona Electric,39.2,452,45,6.75,DC Fast Charger,50.0,2026-04-07T22:30,14.6,92.8,30.65,0.61,41.1,Aggressive,416.1,366.2
463,Tata Nexon EV,40.5,312,48,7.2,Level 2 (AC Public),7.4,2026-04-08T04:35,29.7,89.6,24.26,3.28,39.9,Aggressive,269.8,237.4
464,BYD Atto 3,60.5,521,10,1.5,Level 2 (AC Public),7.4,2026-04-08T12:44,40.7,85.6,27.16,3.67,5.5,Normal,439.7,439.7
465,Tata Nexon EV,40.5,312,4,0.6,Level 1 (Home),2.3,2026-04-08T14:10,19.3,94.6,30.5,13.26,41.4,Eco,284.0,303.9
466,Hyundai Kona Electric,39.2,452,48,7.2,Level 1 (Home),2.3,2026-04-08T20:41,36.4,75.8,15.44,6.71,35.1,Aggressive,347.7,306.0
467,MG ZS EV,50.3,461,19,2.85,DC Fast Charger,50.0,2026-04-09T02:11,32.6,84.7,26.21,0.52,23.9,Aggressive,383.6,337.6
468,Tata Nexon EV,40.5,312,4,0.6,Level 2 (AC Public),7.4,2026-04-09T08:44,23.6,98.9,30.5,4.12,41.1,Aggressive,303.7,267.3
469,Hyundai Kona Electric,39.2,452,46,6.9,Level 1 (Home),2.3,2026-04-09T09:50,31.7,94.5,24.62,10.7,37.2,Aggressive,412.5,363.0
470,Hyundai Kona Electric,39.2,452,29,4.35,DC Fast Charger,50.0,2026-04-09T16:30,29.1,90.1,23.91,0.48,33.7,Normal,394.3,394.3
471,Tata Nexon EV,40.5,312,36,5.4,Level 1 (Home),2.3,2026-04-09T18:56,43.7,93.4,20.13,8.75,9.4,Normal,292.9,292.9
472,MG ZS EV,50.3,461,10,1.5,DC Fast Charger,50.0,2026-04-09T22:02,39.6,75.1,17.86,0.36,22.3,Eco,337.4,361.0
473,BYD Atto 3,60.5,521,36,5.4,Level 1 (Home),2.3,2026-04-10T06:28,37.1,90.6,32.37,14.07,36.2,Aggressive,471.7,415.1
474,Hyundai Kona Electric,39.2,452,35,5.25,DC Fast Charger,50.0,2026-04-10T10:20,17.7,79.6,24.26,0.49,7.5,Normal,349.2,349.2
475,Tata Nexon EV,40.5,312,40,6.0,Level 2 (AC Public),7.4,2026-04-10T15:38,17.7,80.3,25.35,3.43,17.3,Eco,252.6,270.3
476,BYD Atto 3,60.5,521,40,6.0,DC Fast Charger,50.0,2026-04-10T20:52,10.3,91.7,49.25,0.98,21.5,Aggressive,466.4,410.4
477,Tata Nexon EV,40.5,312,35,5.25,DC Fast Charger,50.0,2026-04-10T23:49,41.0,84.5,17.62,0.35,34.5,Normal,267.8,267.8
478,Tata Nexon EV,40.5,312,19,2.85,DC Fast Charger,50.0,2026-04-11T06:37,38.8,84.4,18.47,0.37,34.7,Eco,262.1,280.4
479,MG ZS EV,50.3,461,35,5.25,Level 2 (AC Public),7.4,2026-04-11T14:48,28.0,98.7,35.56,4.81,11.2,Aggressive,436.4,384.0
480,Tata Nexon EV,40.5,312,14,2.1,Level 1 (Home),2.3,2026-04-11T15:52,33.5,94.3,24.62,10.7,37.0,Eco,291.2,311.6
481,Tesla Model 3,57.5,513,22,3.3,DC Fast Charger,50.0,2026-04-11T21:10,38.6,76.8,21.96,0.44,30.4,Aggressive,405.6,356.9
482,Tata Nexon EV,40.5,312,27,4.05,Level 1 (Home),2.3,2026-04-11T22:28,16.2,81.3,26.37,11.47,7.6,Normal,241.8,241.8
483,Tesla Model 3,57.5,513,40,6.0,Level 2 (AC Public),7.4,2026-04-12T02:34,21.1,84.7,36.57,4.94,9.4,Aggressive,437.7,385.2
484,BYD Atto 3,60.5,521,20,3.0,Level 1 (Home),2.3,2026-04-12T04:05,34.5,76.8,25.59,11.13,39.3,Aggressive,400.8,352.7
485,Hyundai Kona Electric,39.2,452,9,1.35,Level 2 (AC Public),7.4,2026-04-12T09:56,23.3,95.6,28.34,3.83,6.1,Eco,425.7,455.5
486,BYD Atto 3,60.5,521,42,6.3,Level 2 (AC Public),7.4,2026-04-12T16:54,43.6,78.6,21.17,2.86,30.1,Aggressive,399.6,351.6
487,Tata Nexon EV,40.5,312,35,5.25,DC Fast Charger,50.0,2026-04-12T20:53,40.6,78.5,15.35,0.31,6.5,Normal,235.9,235.9
488,Tata Nexon EV,40.5,312,33,4.95,Level 2 (AC Public),7.4,2026-04-13T02:16,17.4,93.5,30.82,4.16,31.9,Aggressive,296.9,261.3
489,MG ZS EV,50.3,461,4,0.6,Level 1 (Home),2.3,2026-04-13T04:24,31.6,81.3,25.0,10.87,9.2,Aggressive,362.7,319.2
490,BYD Atto 3,60.5,521,47,7.05,Level 2 (AC Public),7.4,2026-04-13T12:13,32.6,76.8,26.74,3.61,29.9,Eco,406.2,434.6
491,Hyundai Kona Electric,39.2,452,21,3.15,Level 2 (AC Public),7.4,2026-04-13T17:52,14.5,91.4,30.14,4.07,8.7,Eco,400.2,428.2
492,Hyundai Kona Electric,39.2,452,28,4.2,DC Fast Charger,50.0,2026-04-13T22:45,33.1,92.3,23.21,0.46,10.6,Normal,408.4,408.4
493,Hyundai Kona Electric,39.2,452,9,1.35,Level 1 (Home),2.3,2026-04-14T01:06,37.5,92.8,21.68,9.43,28.7,Normal,425.2,425.2
494,Hyundai Kona Electric,39.2,452,42,6.3,Level 2 (AC Public),7.4,2026-04-14T07:32,26.2,84.0,22.66,3.06,16.3,Eco,378.5,405.0
495,Hyundai Kona Electric,39.2,452,5,0.75,Level 1 (Home),2.3,2026-04-14T13:23,41.2,79.9,15.17,6.6,32.1,Aggressive,358.3,315.3
496,BYD Atto 3,60.5,521,36,5.4,DC Fast Charger,50.0,2026-04-14T21:32,11.1,89.5,47.43,0.95,20.0,Eco,463.8,496.3
497,BYD Atto 3,60.5,521,47,7.05,Level 2 (AC Public),7.4,2026-04-15T00:37,32.9,78.7,27.71,3.74,19.5,Aggressive,400.6,352.5
498,MG ZS EV,50.3,461,40,6.0,Level 2 (AC Public),7.4,2026-04-15T08:28,27.5,77.3,25.05,3.39,18.5,Eco,367.1,392.8
499,BYD Atto 3,60.5,521,48,7.2,Level 1 (Home),2.3,2026-04-15T14:57,25.6,79.5,32.61,14.18,40.1,Eco,400.6,428.6
500,Hyundai Kona Electric,39.2,452,43,6.45,Level 1 (Home),2.3,2026-04-15T21:48,17.7,87.2,27.24,11.84,7.3,Eco,385.3,412.3
